id,first_name,last_name,email,gender,money
2,HOLMES,ATHOWE,HATHOWE1@TAOBAO.COM,MALE,BIRR
6,ZED,HOODSPETH,ZHOODSPETH5@COM.COM,MALE,RIAL
8,NOELANI,DODDEMEEDE,NDODDEMEEDE7@BARNESANDNOBLE.COM,FEMALE,RUBLE
11,JESSE,COLACO,JCOLACOA@MOZILLA.COM,FEMALE,YUAN RENMINBI
12,CRISTIAN,MAPPLETHORPE,CMAPPLETHORPEB@HP.COM,MALE,YUAN RENMINBI
17,KAMILA,GRIESWOOD,KGRIESWOODG@IRS.GOV,FEMALE,PESO
19,ADI,TWAITE,ATWAITEI@PRWEB.COM,FEMALE,RUBLE
24,NOAH,PHILLIS,NPHILLISN@INSTAGRAM.COM,MALE,EURO
26,BERNADETTE,MEATON,BMEATONP@WORDPRESS.ORG,FEMALE,KRONE
28,ALISTER,CREWES,ACREWESR@NASA.GOV,MALE,DINAR
31,AVIGDOR,FEAK,AFEAKU@DMOZ.ORG,MALE,SHILLING
35,RUDDIE,HARTLY,RHARTLYY@COM.COM,MALE,RUPIAH
37,JOCKO,CHURCHOUSE,JCHURCHOUSE10@INDEPENDENT.CO.UK,MALE,RUPIAH
40,CORDELIE,BLACKMORE,CBLACKMORE13@NBA.COM,FEMALE,EURO
42,HORTEN,FOLCA,HFOLCA15@TUTTOCITTA.IT,MALE,YUAN RENMINBI
46,LAURALEE,DORRITY,LDORRITY19@ADDTOANY.COM,FEMALE,KWACHA
48,MOISES,HEBBLETHWAITE,MHEBBLETHWAITE1B@WASHINGTONPOST.COM,MALE,RUBLE
52,MORRIS,NOORWOOD,MNOORWOOD1F@USATODAY.COM,MALE,BOLIVAR
53,GEORDIE,HALLING,GHALLING1G@FURL.NET,MALE,REAL
54,MAB,UREY,MUREY1H@NAROD.RU,FEMALE,ZLOTY
59,KINNA,BUCKNEY,KBUCKNEY1M@AUDA.ORG.AU,FEMALE,RUBLE
62,LURETTE,ANGLIN,LANGLIN1P@REVERBNATION.COM,FEMALE,YUAN RENMINBI
78,GINA,ALLSO,GALLSO25@NPS.GOV,FEMALE,DINAR
83,BERNHARD,WEILD,BWEILD2A@OVER-BLOG.COM,MALE,YUAN RENMINBI
86,BENNI,OPDENORT,BOPDENORT2D@XINHUANET.COM,FEMALE,PESO
90,MIKEY,SKAIFE,MSKAIFE2H@CHICAGOTRIBUNE.COM,MALE,YUAN RENMINBI
91,AIDAN,KUBELKA,AKUBELKA2I@BLOG.COM,FEMALE,YUAN RENMINBI
93,VICTOR,WISTANCE,VWISTANCE2K@SPOTIFY.COM,MALE,LEMPIRA
94,MYLES,DRIVERS,MDRIVERS2L@OCN.NE.JP,MALE,PESO
95,GASPAR,TINSLEY,GTINSLEY2M@CARGOCOLLECTIVE.COM,MALE,RUPIAH
97,CORRENA,HEDGER,CHEDGER2O@WILEY.COM,FEMALE,YUAN RENMINBI
98,JOEL,GOODGER,JGOODGER2P@LAST.FM,MALE,EURO
108,MARYA,CARETTE,MCARETTE2Z@FC2.COM,FEMALE,RUPIAH
110,TALYAH,PETROLLI,TPETROLLI31@LYCOS.COM,FEMALE,RUPIAH
112,BELL,KOLLACH,BKOLLACH33@DAGONDESIGN.COM,FEMALE,RUPIAH
115,CHICK,STANBOROUGH,CSTANBOROUGH36@JUGEM.JP,MALE,YUAN RENMINBI
116,EMMERICH,ABELA,EABELA37@GOOGLE.COM.HK,MALE,YUAN RENMINBI
118,REGINAULD,IZZETT,RIZZETT39@ARTISTEER.COM,MALE,YUAN RENMINBI
120,AUGUSTE,SPRINGATE,ASPRINGATE3B@TIMESONLINE.CO.UK,FEMALE,RUBLE
122,BLAKE,ZAPPEL,BZAPPEL3D@NYMAG.COM,MALE,LEMPIRA
123,COS,HAINEY`,CHAINEY3E@AMAZON.DE,MALE,YUAN RENMINBI
124,LESHIA,MACCLENAN,LMACCLENAN3F@MARKETWATCH.COM,FEMALE,EURO
131,KIMMI,DANIELLS,KDANIELLS3M@GO.COM,FEMALE,RIAL
132,WENDI,SPOSITO,WSPOSITO3N@BLOGSPOT.COM,FEMALE,REAL
135,KALE,PETTEGREE,KPETTEGREE3Q@ZDNET.COM,MALE,EURO
144,ALVIS,PATRIA,APATRIA3Z@TRELLIAN.COM,MALE,KRONA
151,KATRINE,VASECHKIN,KVASECHKIN46@HIBU.COM,FEMALE,DIRHAM
153,SHEM,BEEVENS,SBEEVENS48@NIFTY.COM,MALE,FRANC
156,STEFANO,GILFORD,SGILFORD4B@DIIGO.COM,MALE,DINAR
158,BEVERLEE,BIERMATOWICZ,BBIERMATOWICZ4D@YELLOWBOOK.COM,FEMALE,EURO
160,BABBIE,LOTHEAN,BLOTHEAN4F@NETLOG.COM,FEMALE,RUPIAH
163,GILDA,ROMAYNE,GROMAYNE4I@360.CN,FEMALE,YUAN RENMINBI
164,LIA,RICHIN,LRICHIN4J@NSW.GOV.AU,FEMALE,TENGE
165,BRONNY,RANSLEY,BRANSLEY4K@LIST-MANAGE.COM,MALE,DOLLAR
168,ERMENGARDE,VASSALL,EVASSALL4N@LIVEINTERNET.RU,FEMALE,YUAN RENMINBI
170,NESSY,HEDDITEH,NHEDDITEH4P@COMCAST.NET,FEMALE,PESO
171,CLAUDIO,FRUCHON,CFRUCHON4Q@SYMANTEC.COM,MALE,YUAN RENMINBI
174,BALD,HUTCHINGES,BHUTCHINGES4T@THEMEFOREST.NET,MALE,LEV
178,JESSE,PRATLEY,JPRATLEY4X@SCRIBD.COM,MALE,YUAN RENMINBI
181,KARALEE,MARCHAND,KMARCHAND50@USA.GOV,FEMALE,RUBLE
182,EWART,TEATHER,ETEATHER51@EZINEARTICLES.COM,MALE,DOLLAR
190,ORSA,MANNEVILLE,OMANNEVILLE59@LINKEDIN.COM,FEMALE,PESO
194,TOMASINA,ISAAKSOHN,TISAAKSOHN5D@COLUMBIA.EDU,FEMALE,SHEKEL
195,CULLEN,SPORNER,CSPORNER5E@GOOGLE.NL,MALE,KUNA
200,JOHNNY,VAAN,JVAAN5J@REFERENCE.COM,MALE,PESO
203,OREL,KNIBBS,OKNIBBS5M@HP.COM,FEMALE,YUAN RENMINBI
205,BETTE-ANN,SLAD,BSLAD5O@USA.GOV,FEMALE,SHEKEL
206,LANIE,ABRAHM,LABRAHM5P@USNEWS.COM,MALE,PESO
208,FAYETTE,CALLABY,FCALLABY5R@WEEBLY.COM,FEMALE,BAHT
209,PERICE,MALAMORE,PMALAMORE5S@FC2.COM,MALE,EURO
210,DUD,PENDRID,DPENDRID5T@CNBC.COM,MALE,WON
225,JEDIDIAH,FIDAL,JFIDAL68@EXAMINER.COM,MALE,YEN
226,GARTH,GUILLFORD,GGUILLFORD69@BING.COM,MALE,RUPIAH
228,KYRSTIN,COCKROFT,KCOCKROFT6B@GIZMODO.COM,FEMALE,ZLOTY
233,CELESTYN,ANDRINI,CANDRINI6G@FEMA.GOV,FEMALE,YUAN RENMINBI
236,LEWISS,CALBRATHE,LCALBRATHE6J@COM.COM,MALE,RUBLE
237,AILENE,CRISFORD,ACRISFORD6K@YANDEX.RU,FEMALE,EURO
239,GRIFFIE,RHODEF,GRHODEF6M@CONSTANTCONTACT.COM,MALE,RUPEE
242,FILIPPA,BINDON,FBINDON6P@DION.NE.JP,FEMALE,RUBLE
246,SHANDY,CRUFTS,SCRUFTS6T@SPHINN.COM,FEMALE,PESO
249,MAURENE,SENTER,MSENTER6W@NAROD.RU,FEMALE,RUBLE
255,JODIE,HASLEN,JHASLEN72@BLOG.COM,FEMALE,RUBLE
260,FREDDY,CHOMICKI,FCHOMICKI77@SKYROCK.COM,FEMALE,DOLLAR
261,CLAYTON,BASSINGHAM,CBASSINGHAM78@GOV.UK,MALE,HRYVNIA
263,CORNELL,SMOGUR,CSMOGUR7A@GMPG.ORG,MALE,YUAN RENMINBI
266,KERRI,KYTTER,KKYTTER7D@CBSLOCAL.COM,FEMALE,KIP
269,BRENT,COLLEDGE,BCOLLEDGE7G@DYNDNS.ORG,MALE,EURO
271,TOM,HASNNEY,THASNNEY7I@HISTATS.COM,MALE,PESO
276,LIANE,IZAK,LIZAK7N@OVER-BLOG.COM,FEMALE,RUBLE
278,FELICLE,WOOFF,FWOOFF7P@ADOBE.COM,FEMALE,EURO
279,NATHANAEL,ATKINSON,NATKINSON7Q@GOO.GL,MALE,RUPIAH
281,MARGALIT,BEZANTS,MBEZANTS7S@INFOSEEK.CO.JP,FEMALE,YUAN RENMINBI
282,URSULINA,MELLANBY,UMELLANBY7T@GOOGLE.COM,FEMALE,PESO
285,ELLWOOD,SWEET,ESWEET7W@CISCO.COM,MALE,RUPIAH
287,LOELLA,KILMURRAY,LKILMURRAY7Y@SPHINN.COM,FEMALE,RUPIAH
292,ALBERTA,PFEFFEL,APFEFFEL83@GIZMODO.COM,FEMALE,REAL
300,MITCHELL,BURGES,MBURGES8B@WP.COM,MALE,EURO
311,MILISSENT,DUCKERIN,MDUCKERIN8M@JAVA.COM,FEMALE,YEN
315,SAVINA,HAITH,SHAITH8Q@DRUPAL.ORG,FEMALE,LEMPIRA
322,CHARLINE,POWDER,CPOWDER8X@DEDECMS.COM,FEMALE,YUAN RENMINBI
324,PERREN,PAOLETTI,PPAOLETTI8Z@COMCAST.NET,MALE,SOL
327,ELWIN,PHILIPPS,EPHILIPPS92@AMAZON.COM,MALE,RUBLE
330,BENJY,MALLABONE,BMALLABONE95@WSJ.COM,MALE,PESO
336,CIRSTOFORO,OUSBY,COUSBY9B@GOO.GL,MALE,DOLLAR
338,SHIRL,LAIDLAW,SLAIDLAW9D@WUFOO.COM,FEMALE,ZLOTY
339,PAULY,KOLINSKY,PKOLINSKY9E@OCN.NE.JP,MALE,RUBLE
344,ROXANE,KINSETT,RKINSETT9J@PHOTOBUCKET.COM,FEMALE,PESO
350,FERDY,MUSSALLI,FMUSSALLI9P@CLOUDFLARE.COM,MALE,RUBLE
353,ARVIN,LAURANCE,ALAURANCE9S@LOC.GOV,MALE,RUPIAH
354,JOSI,TREBLE,JTREBLE9T@TECHNORATI.COM,FEMALE,PESO
356,ORELIA,BEAVON,OBEAVON9V@TOPSY.COM,FEMALE,PESO
357,DESI,DOMINI,DDOMINI9W@NPS.GOV,MALE,RUPIAH
358,COSETTE,CHEESMAN,CCHEESMAN9X@TOPSY.COM,FEMALE,RUPIAH
360,PAMELINA,GALLYMORE,PGALLYMORE9Z@QQ.COM,FEMALE,YEN
364,VASILY,CECCOLI,VCECCOLIA3@JAPANPOST.JP,MALE,RUBLE
365,GILBERTA,MCETTRICK,GMCETTRICKA4@GOOGLE.CA,FEMALE,RUBLE
366,DAWN,CALTERONE,DCALTERONEA5@GLOBO.COM,FEMALE,RIAL
369,NIKI,MATSELL,NMATSELLA8@VINAORA.COM,FEMALE,DOLLAR
370,DOTTY,DALGETTY,DDALGETTYA9@OAIC.GOV.AU,FEMALE,DOLLAR
371,SANDERS,MELLMER,SMELLMERAA@NATURE.COM,MALE,GUARANI
375,BALDUIN,LOHERING,BLOHERINGAE@OPENSOURCE.ORG,MALE,DOLLAR
376,JAREB,WALDING,JWALDINGAF@XING.COM,MALE,RIAL
378,KYLEN,IBBS,KIBBSAH@MICROSOFT.COM,FEMALE,YUAN RENMINBI
379,TIENA,STURGIS,TSTURGISAI@IFENG.COM,FEMALE,RIAL
393,PHYLIS,FORM,PFORMAW@ADDTHIS.COM,FEMALE,RUBLE
396,CLIM,KINDLE,CKINDLEAZ@GOOGLE.IT,MALE,EURO
398,ARIEL,MELIN,AMELINB1@NPS.GOV,MALE,PESO
400,RHONDA,GEBBE,RGEBBEB3@TOPSY.COM,FEMALE,KORUNA
401,KERRILL,SZACH,KSZACHB4@COLUMBIA.EDU,FEMALE,YUAN RENMINBI
402,MODESTA,BAGOTT,MBAGOTTB5@CAFEPRESS.COM,FEMALE,POUND
407,ELDRIDGE,O'COLLOPY,EOCOLLOPYBA@VINAORA.COM,MALE,FRANC
411,VICKIE,BADLAND,VBADLANDBE@TINYPIC.COM,FEMALE,REAL
413,CRISTIAN,DE SIMONI,CDESIMONIBG@SHINYSTAT.COM,MALE,LEK
417,PATTIN,HEBBURN,PHEBBURNBK@PCWORLD.COM,MALE,YUAN RENMINBI
419,BRADLEY,TREMATHICK,BTREMATHICKBM@HOME.PL,MALE,EURO
423,ALVINA,TERRETT,ATERRETTBQ@GOO.GL,FEMALE,EURO
425,DEVY,MCKEIGHAN,DMCKEIGHANBS@JALBUM.NET,MALE,EURO
426,GEORGIANNE,HARBORD,GHARBORDBT@SPRINGER.COM,FEMALE,RUPIAH
433,HUNFREDO,MOORES,HMOORESC0@UNBLOG.FR,MALE,YUAN RENMINBI
442,CORRINA,FRANCHYONOK,CFRANCHYONOKC9@VISTAPRINT.COM,FEMALE,YUAN RENMINBI
446,ANITRA,BULLIN,ABULLINCD@BLOGLOVIN.COM,FEMALE,RUBLE
455,SHERMIE,DEARES,SDEARESCM@STUMBLEUPON.COM,MALE,LEMPIRA
462,SINCLAIR,SCAMERDINE,SSCAMERDINECT@CAM.AC.UK,MALE,EURO
463,FOSTER,ZAVATTARI,FZAVATTARICU@CMU.EDU,MALE,POUND
470,NOELL,IACOBONI,NIACOBONID1@SEATTLETIMES.COM,FEMALE,PESO
472,VANCE,KLIMEK,VKLIMEKD3@PHP.NET,MALE,ZLOTY
476,BEV,LENEY,BLENEYD7@NYU.EDU,MALE,PESO
480,MAIGA,COUTTHART,MCOUTTHARTDB@GOOGLE.CO.UK,FEMALE,RUPIAH
481,MARCELIA,SCOURGE,MSCOURGEDC@USGS.GOV,FEMALE,PESO
482,GODFREE,BOHIN,GBOHINDD@ARIZONA.EDU,MALE,SHILLING
483,DEN,CARDIS,DCARDISDE@NOAA.GOV,MALE,LILANGENI
484,TONY,MOUAN,TMOUANDF@SPOTIFY.COM,MALE,YUAN RENMINBI
485,CLEVE,KELLY,CKELLYDG@NPR.ORG,MALE,HRYVNIA
491,DAG,FENNING,DFENNINGDM@PRNEWSWIRE.COM,MALE,RUPIAH
498,SALLIE,FERO,SFERODT@UMN.EDU,FEMALE,YUAN RENMINBI
504,REVKAH,YERLETT,RYERLETTDZ@NAROD.RU,FEMALE,LEK
508,EMLEN,AICKEN,EAICKENE3@BLOGTALKRADIO.COM,MALE,KORUNA
511,KLEMENS,SABIN,KSABINE6@CBSNEWS.COM,MALE,RUPIAH
513,BRENDEN,TALBOY,BTALBOYE8@QQ.COM,MALE,DOLLAR
514,GINNIE,PLUMBRIDGE,GPLUMBRIDGEE9@NATURE.COM,FEMALE,YUAN RENMINBI
516,ENRIQUETA,WRATTEN,EWRATTENEB@FREEWEBS.COM,FEMALE,PESO
518,PEARCE,LAYFIELD,PLAYFIELDED@PEN.IO,MALE,RUPIAH
519,EMMOTT,SIMESTER,ESIMESTEREE@GO.COM,MALE,DONG
534,JORIE,COVOTTO,JCOVOTTOET@QUANTCAST.COM,FEMALE,RUPIAH
543,GLENDON,JARRETTE,GJARRETTEF2@SLATE.COM,MALE,EURO
544,DACIE,BRUCKSTEIN,DBRUCKSTEINF3@SBWIRE.COM,FEMALE,REAL
549,FRANCES,WITTS,FWITTSF8@NBA.COM,FEMALE,RIAL
550,ZANETA,VARNAM,ZVARNAMF9@SQUIDOO.COM,FEMALE,RUBLE
551,OLAV,MATEU,OMATEUFA@UNC.EDU,MALE,YUAN RENMINBI
553,DILLIE,KENNELLY,DKENNELLYFC@WEBEDEN.CO.UK,MALE,PESO
555,GIRALDA,CROCKFORD,GCROCKFORDFE@GITHUB.COM,FEMALE,AFGHANI
556,ANALLESE,DYTHAM,ADYTHAMFF@FRIENDFEED.COM,FEMALE,RUBLE
560,PAGE,DANAHAR,PDANAHARFJ@EARTHLINK.NET,FEMALE,YUAN RENMINBI
561,MARTHENA,WAPPLE,MWAPPLEFK@ELPAIS.COM,FEMALE,YUAN RENMINBI
565,NEAL,BROWN,NBROWNFO@CISCO.COM,MALE,RINGGIT
567,EUDORA,JOANNIC,EJOANNICFQ@MACROMEDIA.COM,FEMALE,YUAN RENMINBI
568,GAREK,CALDEIRO,GCALDEIROFR@INDEPENDENT.CO.UK,MALE,ESCUDO
570,RUGGIERO,BIRKMYR,RBIRKMYRFT@UOL.COM.BR,MALE,REAL
577,CASPAR,GLEASANE,CGLEASANEG0@COMSENZ.COM,MALE,RUBLE
578,SANDY,PRIUM,SPRIUMG1@UIUC.EDU,FEMALE,WON
585,CLAUDELLE,EIRWIN,CEIRWING8@USNEWS.COM,FEMALE,KRONA
586,SONNNIE,EFFAUNT,SEFFAUNTG9@GIZMODO.COM,FEMALE,PESO
587,IDELL,MACALLAM,IMACALLAMGA@ADDTOANY.COM,FEMALE,PESO
588,KAROLE,MANTLE,KMANTLEGB@MEDIAFIRE.COM,FEMALE,HRYVNIA
593,HAL,CORNILLEAU,HCORNILLEAUGG@FEEDBURNER.COM,MALE,KRONA
595,JODIE,BEAK,JBEAKGI@CARGOCOLLECTIVE.COM,MALE,BAHT
600,ELENE,BOWE,EBOWEGN@AMAZON.DE,FEMALE,SOL
602,JESSICA,MOLLINDINIA,JMOLLINDINIAGP@TRIPADVISOR.COM,FEMALE,REAL
605,WINNY,CLEMOT,WCLEMOTGS@TOPSY.COM,MALE,PESO
608,SUSANNA,WINNY,SWINNYGV@ETSY.COM,FEMALE,BOLIVAR
609,KIP,LUND,KLUNDGW@BAIDU.COM,FEMALE,EURO
613,KARE,CAPP,KCAPPH0@PCWORLD.COM,FEMALE,LEK
615,JENNETTE,FOXWELL,JFOXWELLH2@DELL.COM,FEMALE,RUPIAH
621,RICE,RICARDOT,RRICARDOTH8@ASK.COM,MALE,RUPIAH
624,LEMMY,HAYWOOD,LHAYWOODHB@CENSUS.GOV,MALE,YUAN RENMINBI
627,CORI,MCCUFFIE,CMCCUFFIEHE@IMAGESHACK.US,FEMALE,KRONA
628,SILVESTER,CLERY,SCLERYHF@DEVIANTART.COM,MALE,DOLLAR
633,CORABEL,KINVAN,CKINVANHK@ADMIN.CH,FEMALE,PESO
634,NIELS,BRASSEUR,NBRASSEURHL@NYMAG.COM,MALE,KRONA
641,HALI,BAUD,HBAUDHS@GOOGLE.CA,FEMALE,EURO
643,SERGENT,MINARDS,SMINARDSHU@OW.LY,MALE,HRYVNIA
646,ALGERNON,LARCHIERE,ALARCHIEREHX@RAMBLER.RU,MALE,YUAN RENMINBI
655,ANGELA,PLUMB,APLUMBI6@EPA.GOV,FEMALE,EURO
658,MARITSA,TARBATH,MTARBATHI9@FRIENDFEED.COM,FEMALE,PESO
660,GENEVRA,BOWICH,GBOWICHIB@PAGINEGIALLE.IT,FEMALE,EURO
664,STEVANA,CARLYLE,SCARLYLEIF@SHUTTERFLY.COM,FEMALE,DRAM
665,CANDRA,SHRIGLEY,CSHRIGLEYIG@IFENG.COM,FEMALE,YUAN RENMINBI
670,MICKI,DAINTREY,MDAINTREYIL@USDA.GOV,FEMALE,YUAN RENMINBI
671,DEBRA,ARCHELL,DARCHELLIM@SPOTIFY.COM,FEMALE,AFGHANI
673,DOROTHEE,TROLLEY,DTROLLEYIO@CBSNEWS.COM,FEMALE,MARKA
677,FLEMING,MC CURLYE,FMCCURLYEIS@DOMAINMARKET.COM,MALE,YUAN RENMINBI
682,GARETH,O'REILLY,GOREILLYIX@WUNDERGROUND.COM,MALE,EURO
687,CARMELLA,TULLY,CTULLYJ2@EPA.GOV,FEMALE,YUAN RENMINBI
695,MICK,CRUNKHURN,MCRUNKHURNJA@BING.COM,MALE,SHILLING
698,EDUARD,RABSON,ERABSONJD@SLIDESHARE.NET,MALE,REAL
699,MITCHELL,HEDDITCH,MHEDDITCHJE@UMN.EDU,MALE,REAL
700,FRANKY,TESTRO,FTESTROJF@SHOP-PRO.JP,FEMALE,YUAN RENMINBI
711,JARID,MCVITTIE,JMCVITTIEJQ@IRS.GOV,MALE,LEONE
712,MERCIE,KINAVAN,MKINAVANJR@OCN.NE.JP,FEMALE,GUARANI
721,RENATE,EAGGER,REAGGERK0@TINY.CC,FEMALE,SHILLING
728,SALVATORE,IANIZZI,SIANIZZIK7@ARTISTEER.COM,MALE,PESO
729,SYLVESTER,MATEJA,SMATEJAK8@DAGONDESIGN.COM,MALE,FRANC
733,SALVIDOR,JOSIPOVITZ,SJOSIPOVITZKC@CISCO.COM,MALE,REAL
737,LEELAH,SIBILLE,LSIBILLEKG@EHOW.COM,FEMALE,EURO
739,GILLI,MCGREY,GMCGREYKI@PAYPAL.COM,FEMALE,REAL
741,HAMMAD,SHARP,HSHARPKK@CENSUS.GOV,MALE,RUPIAH
742,KATTIE,GAISFORD,KGAISFORDKL@WASHINGTON.EDU,FEMALE,YUAN RENMINBI
743,KELLEY,ANDELL,KANDELLKM@TWITTER.COM,FEMALE,RUPIAH
745,HANA,CHADWELL,HCHADWELLKO@DROPBOX.COM,FEMALE,RUPIAH
746,GODARD,PALING,GPALINGKP@DISCUZ.NET,MALE,REAL
749,CAMELLIA,CULLON,CCULLONKS@360.CN,FEMALE,RUPIAH
751,MARTY,DORKIN,MDORKINKU@SOGOU.COM,MALE,DINAR
755,SLOAN,LAIT,SLAITKY@TIME.COM,MALE,YUAN RENMINBI
759,FLORI,LAUXMANN,FLAUXMANNL2@SYMANTEC.COM,FEMALE,PESO
761,MAXINE,PHIDGIN,MPHIDGINL4@USTREAM.TV,FEMALE,EURO
765,URBAIN,KIRSTEIN,UKIRSTEINL8@UMICH.EDU,MALE,RINGGIT
767,GRAYCE,TOMMASEO,GTOMMASEOLA@HEXUN.COM,FEMALE,DOLLAR
774,SHELBI,BERNDTSSEN,SBERNDTSSENLH@NIFTY.COM,FEMALE,DOLLAR
775,ANTONIETTA,RAVEN,ARAVENLI@WIRED.COM,FEMALE,YUAN RENMINBI
777,KORT,HEIN,KHEINLK@EEPURL.COM,MALE,REAL
783,KELLBY,THAMES,KTHAMESLQ@BLOGSPOT.COM,MALE,MARKA
789,CHELSIE,WINKLE,CWINKLELW@MEDIAFIRE.COM,FEMALE,FRANC
791,TIPHANI,SWANNIE,TSWANNIELY@BUZZFEED.COM,FEMALE,TUGRIK
795,HILLIER,FERREA,HFERREAM2@JAVA.COM,MALE,SHILLING
796,BAIRD,AISH,BAISHM3@PHOCA.CZ,MALE,RUPIAH
799,GENEVRA,O'CORR,GOCORRM6@TIMESONLINE.CO.UK,FEMALE,AFGHANI
804,CARMITA,COLLENS,CCOLLENSMB@LIVE.COM,FEMALE,PESO
814,AGGIE,PANTLING,APANTLINGML@SKYROCK.COM,FEMALE,EURO
817,ELISHA,GARROW,EGARROWMO@FT.COM,MALE,BAHT
818,SHAW,SWANCOTT,SSWANCOTTMP@ICIO.US,MALE,YUAN RENMINBI
820,CHRISTIANO,CONAGHAN,CCONAGHANMR@TAMU.EDU,MALE,YUAN RENMINBI
821,RODERIGO,ZANNI,RZANNIMS@TECHNORATI.COM,MALE,RUBLE
825,THEDA,PERING,TPERINGMW@MSN.COM,FEMALE,RIAL
826,RINA,MACKISON,RMACKISONMX@EDUBLOGS.ORG,FEMALE,YUAN RENMINBI
827,AURELIE,PEILE,APEILEMY@TELEGRAPH.CO.UK,FEMALE,DOLLAR
833,AKSEL,BEDBROUGH,ABEDBROUGHN4@CNBC.COM,MALE,RUPIAH
835,STARR,COLLINGTON,SCOLLINGTONN6@MOZILLA.COM,FEMALE,REAL
837,FLYNN,GILKISON,FGILKISONN8@TMALL.COM,MALE,RUPIAH
843,MELINA,POCKE,MPOCKENE@SHOP-PRO.JP,FEMALE,YUAN RENMINBI
844,DANELLA,ALEXANDRE,DALEXANDRENF@1UND1.DE,FEMALE,DONG
845,GIACOMO,SCHULZE,GSCHULZENG@GOOGLE.RU,MALE,YUAN RENMINBI
847,ANCELL,HALDEN,AHALDENNI@AMAZON.CO.JP,MALE,SHILLING
849,ESTEL,DECHELLE,EDECHELLENK@GOO.GL,FEMALE,KRONA
850,AUDRE,EWENCE,AEWENCENL@WOOTHEMES.COM,FEMALE,YUAN RENMINBI
858,TIMMI,BABCOCK,TBABCOCKNT@YALE.EDU,FEMALE,EURO
859,MAURISE,GUISO,MGUISONU@BAIDU.COM,MALE,AFGHANI
860,JAIME,FAWCITT,JFAWCITTNV@TRIPOD.COM,MALE,KRONE
864,REGGIE,ROSSI,RROSSINZ@USTREAM.TV,FEMALE,YUAN RENMINBI
865,HYACINTHE,ROSKILLY,HROSKILLYO0@WSJ.COM,FEMALE,EURO
866,DACIE,WANDEN,DWANDENO1@VIMEO.COM,FEMALE,RIAL
867,ERNESTA,CLIMPSON,ECLIMPSONO2@CNN.COM,FEMALE,KUNA
868,AUDY,DANELS,ADANELSO3@TWITPIC.COM,FEMALE,DOLLAR
869,TRUMAN,BOLSTERIDGE,TBOLSTERIDGEO4@GITHUB.COM,MALE,DOLLAR
871,CORLISS,TEERS,CTEERSO6@DION.NE.JP,FEMALE,EURO
873,ANTONE,HALFHIDE,AHALFHIDEO8@PAGESPERSO-ORANGE.FR,MALE,YUAN RENMINBI
875,GABRIEL,NARE,GNAREOA@CYBERCHIMPS.COM,MALE,ZLOTY
879,KONSTANZE,SACH,KSACHOE@MASHABLE.COM,FEMALE,FRANC
881,LEWISS,HABISHAW,LHABISHAWOG@TOPSY.COM,MALE,PESO
884,IRWIN,BURG,IBURGOJ@ODNOKLASSNIKI.RU,MALE,PESO
886,ANTONIE,MANGER,AMANGEROL@SOURCEFORGE.NET,FEMALE,YUAN RENMINBI
887,GENNIE,CASSIDY,GCASSIDYOM@NING.COM,FEMALE,KRONA
890,CYBIL,VOGL,CVOGLOP@NEWYORKER.COM,FEMALE,RUBLE
897,RUTGER,MCGILBEN,RMCGILBENOW@TUTTOCITTA.IT,MALE,YUAN RENMINBI
901,HOLDEN,MACTRUSTRAM,HMACTRUSTRAMP0@PRINTFRIENDLY.COM,MALE,PESO
902,GUGLIELMA,MITROVIC,GMITROVICP1@PHOCA.CZ,FEMALE,RUPIAH
904,ATLANTA,BOWLLER,ABOWLLERP3@NYU.EDU,FEMALE,PESO
906,GEORGINE,RASH,GRASHP5@EZINEARTICLES.COM,FEMALE,EURO
908,HERSCHEL,IACIVELLI,HIACIVELLIP7@REUTERS.COM,MALE,RUPIAH
910,CRISTAL,CROCETTI,CCROCETTIP9@HUD.GOV,FEMALE,YUAN RENMINBI
916,MARCO,MUCKART,MMUCKARTPF@EXAMPLE.COM,MALE,KRONA
919,ISOBEL,GARVILL,IGARVILLPI@PRIVACY.GOV.AU,FEMALE,REAL
926,GINNIFER,CURLIS,GCURLISPP@AMAZON.CO.UK,FEMALE,YUAN RENMINBI
928,RAMSAY,MCMYCHEM,RMCMYCHEMPR@YANDEX.RU,MALE,RIAL
931,ALI,TRICKETT,ATRICKETTPU@WIKIMEDIA.ORG,FEMALE,DINAR
932,MINNAMINNIE,CATMULL,MCATMULLPV@NYU.EDU,FEMALE,EURO
934,ERMIN,COLDHAM,ECOLDHAMPX@WIKIMEDIA.ORG,MALE,PESO
935,KAINE,BOLDERSON,KBOLDERSONPY@STATE.GOV,MALE,BIRR
938,LYNNETT,VERITY,LVERITYQ1@YELLOWPAGES.COM,FEMALE,YUAN RENMINBI
942,SHARLEEN,CRIPPS,SCRIPPSQ5@123-REG.CO.UK,FEMALE,RUBLE
953,THATCH,GIOVANNARDI,TGIOVANNARDIQG@SOGOU.COM,MALE,RUPIAH
954,LEA,MCKENDO,LMCKENDOQH@STANFORD.EDU,FEMALE,DOLLAR
956,BRIDE,ETTERY,BETTERYQJ@GUARDIAN.CO.UK,FEMALE,PESO
964,FARLEIGH,KORNYSHEV,FKORNYSHEVQR@FT.COM,MALE,ZLOTY
967,VITE,DI FRISCO,VDIFRISCOQU@WASHINGTONPOST.COM,MALE,KRONA
968,XIMENEZ,MITCHAM,XMITCHAMQV@USNEWS.COM,MALE,EURO
971,RODERIGO,FRACKIEWICZ,RFRACKIEWICZQY@MAIL.RU,MALE,ZLOTY
973,EVVY,CRISTOFOLO,ECRISTOFOLOR0@DEVHUB.COM,FEMALE,RUBLE
975,RUSSELL,LEDWARD,RLEDWARDR2@EXBLOG.JP,MALE,BOLIVAR
976,CATHRYN,SADDINGTON,CSADDINGTONR3@ORACLE.COM,FEMALE,YUAN RENMINBI
978,PHYLLIS,EYER,PEYERR5@DE.VU,FEMALE,RIAL
980,FLORENTIA,WALTERING,FWALTERINGR7@WUNDERGROUND.COM,FEMALE,YUAN RENMINBI
981,MIMI,WIFFEN,MWIFFENR8@YALE.EDU,FEMALE,YEN
982,MARTITA,BOTTELSTONE,MBOTTELSTONER9@LATIMES.COM,FEMALE,RUPIAH
987,BLISSE,LAMACRAFT,BLAMACRAFTRE@JALBUM.NET,FEMALE,EURO
991,GLEDA,JOYE,GJOYERI@ISTOCKPHOTO.COM,FEMALE,RUPIAH
992,MEREDITH,PORCH,MPORCHRJ@UNESCO.ORG,FEMALE,YUAN RENMINBI
996,THOMA,CHURCHOUSE,TCHURCHOUSERN@T-ONLINE.DE,MALE,SOL
